n_switches,n_CAs,pct_CAs
0,41,0.5694444444444444
1,17,0.2361111111111111
2,9,0.125
3,3,0.041666666666666664
4,1,0.013888888888888888
5,1,0.013888888888888888
